index,feature 0,feature 1,feature 2,feature 3,feature 4,feature 5,feature 6,feature 7,feature 9,predict
0,2014-11-23,2.6,2.4,2.6,2.6,27.0,33.0,25.6,36.0,5.5
1,2014-01-24,0.0,0.0,0.0,0.0,25.2,28.3,23.0,35.3,12.6
2,2017-07-01,0.0,0.0,0.0,0.0,29.3,32.6,26.9,28.8,6.5
3,2015-09-29,0.0,0.0,0.0,0.0,28.2,31.7,24.9,26.3,5.7
4,2016-11-06,1.0,0.8,1.0,1.0,28.1,31.7,25.0,28.1,8.6
5,2016-12-28,3.6,0.8,1.4,1.6,25.2,27.6,23.2,40.0,11.5
6,2016-01-02,13.0,9.2,11.0,11.2,25.7,27.9,23.1,49.3,7.9
7,2017-04-11,0.0,0.0,0.0,0.0,28.6,33.3,25.8,31.3,7.2
8,2015-03-28,3.0,2.8,3.0,3.0,27.6,30.2,26.2,42.8,11.7
9,2015-10-29,0.0,0.0,0.0,0.0,28.3,32.6,24.6,32.8,10.0
10,2016-01-31,7.6,5.8,5.8,6.8,28.0,31.8,25.9,38.5,10.4
11,2016-12-06,0.2,0.2,0.2,0.2,28.4,34.2,23.6,33.8,6.8
12,2014-08-14,2.6,1.6,2.0,2.4,26.8,29.5,25.4,31.7,6.0
13,2015-02-18,0.0,0.0,0.0,0.0,27.2,31.8,23.9,40.3,12.5
14,2015-10-10,0.0,0.0,0.0,0.0,29.3,33.6,25.7,24.1,5.5
15,2015-08-16,0.0,0.0,0.0,0.0,28.8,32.3,27.3,44.3,8.4
16,2015-01-04,0.0,0.0,0.0,0.0,27.1,31.1,24.6,34.2,12.1
17,2016-03-24,0.0,0.0,0.0,0.0,29.0,33.0,26.7,32.4,11.9
18,2015-10-06,0.0,0.0,0.0,0.0,27.7,32.5,25.6,23.8,6.7
19,2015-02-25,0.0,0.0,0.0,0.0,27.3,32.7,24.7,38.2,11.7
20,2015-03-17,2.6,1.6,2.6,2.6,28.0,33.3,25.5,27.4,11.0
21,2014-10-26,0.0,0.0,0.0,0.0,29.0,33.3,26.9,38.9,8.7
22,2017-10-17,0.0,0.0,0.0,0.0,30.3,34.1,27.6,28.8,6.1
23,2014-01-13,0.0,0.0,0.0,0.0,26.4,29.3,24.5,43.2,14.8
24,2015-05-27,0.0,0.0,0.0,0.0,28.2,32.6,24.9,30.2,6.0
25,2017-09-02,0.0,0.0,0.0,0.0,28.8,34.3,25.8,31.3,9.0
26,2015-03-01,0.0,0.0,0.0,0.0,28.0,32.8,25.0,38.9,12.6
27,2015-06-04,0.6,0.6,0.6,0.6,28.8,33.5,26.4,24.5,6.6
28,2015-05-09,0.0,0.0,0.0,0.0,29.2,33.1,26.2,30.2,6.5
29,2016-11-11,8.8,7.4,8.6,8.6,26.2,30.9,24.6,40.7,5.0
30,2016-11-29,0.2,0.2,0.2,0.2,26.0,27.7,24.6,32.4,9.0
31,2016-05-27,0.0,0.0,0.0,0.0,30.0,33.1,27.9,30.6,6.5
32,2016-02-01,0.0,0.0,0.0,0.0,28.5,32.4,25.7,43.2,14.0
33,2017-09-04,0.0,0.0,0.0,0.0,28.9,32.7,25.5,31.7,6.1
34,2015-12-24,13.0,4.8,8.4,12.2,26.4,28.1,24.3,29.9,7.6
35,2014-04-25,49.2,37.8,48.6,49.2,27.8,34.5,24.0,34.6,5.5
36,2016-03-20,0.4,0.4,0.4,0.4,28.5,32.5,26.2,27.0,9.4
37,2016-03-01,0.0,0.0,0.0,0.0,27.9,31.8,25.7,44.3,16.2
38,2015-12-10,22.6,10.2,13.4,13.6,27.3,33.7,24.1,34.2,7.1
39,2016-02-08,0.0,0.0,0.0,0.0,26.8,28.3,25.9,52.2,16.6
40,2015-10-19,0.0,0.0,0.0,0.0,29.7,33.4,26.4,25.6,5.8
41,2016-12-25,28.8,20.4,25.0,27.2,26.4,31.9,23.0,39.6,10.1
42,2015-07-01,0.2,0.2,0.2,0.2,28.2,30.0,24.1,43.2,6.0
43,2014-04-03,0.0,0.0,0.0,0.0,29.0,33.8,26.5,36.4,8.9
44,2016-05-03,0.0,0.0,0.0,0.0,29.7,34.9,25.5,28.8,6.8
45,2015-03-20,0.2,0.2,0.2,0.2,28.3,33.1,24.7,38.2,8.5
46,2015-10-30,30.8,29.8,30.8,30.8,27.3,33.9,23.5,27.7,6.0
47,2014-11-17,17.8,12.4,17.2,17.6,26.1,31.7,24.8,44.3,7.5
48,2017-08-29,0.2,0.2,0.2,0.2,26.7,29.4,25.0,22.3,5.8
49,2014-08-01,0.6,0.4,0.6,0.6,28.5,31.8,26.5,23.4,6.6
50,2015-01-22,0.0,0.0,0.0,0.0,26.4,29.3,24.3,40.7,14.5
51,2017-04-23,0.0,0.0,0.0,0.0,28.1,32.0,26.0,23.4,5.4
52,2016-11-02,23.4,18.6,23.0,23.2,27.4,30.8,22.1,58.0,7.9
53,2017-09-12,0.0,0.0,0.0,0.0,28.8,33.8,25.2,25.6,6.1
54,2014-07-21,0.0,0.0,0.0,0.0,29.5,32.3,27.3,27.4,7.0
55,2016-12-22,15.6,6.4,11.6,14.2,26.6,32.3,23.7,34.2,6.5
56,2014-12-21,0.0,0.0,0.0,0.0,26.9,31.2,25.2,38.9,8.5
57,2017-05-31,42.0,33.2,36.4,38.0,28.1,34.7,23.0,53.3,6.8
58,2014-12-15,0.2,0.2,0.2,0.2,27.5,31.0,25.2,29.5,10.0
59,2015-11-29,1.0,0.8,0.8,0.8,28.0,32.9,24.9,30.2,7.5
60,2017-02-03,25.6,15.8,20.8,20.8,27.4,33.1,23.4,43.6,9.7
61,2015-06-09,0.0,0.0,0.0,0.0,27.5,29.8,25.8,31.7,8.3
62,2014-05-02,0.0,0.0,0.0,0.0,29.5,33.2,26.3,22.0,5.5
63,2016-05-12,0.2,0.2,0.2,0.2,28.3,33.0,26.6,25.6,5.4
64,2014-11-25,29.6,21.4,29.0,29.6,27.4,32.5,24.2,42.5,6.4
65,2017-08-13,0.0,0.0,0.0,0.0,26.9,28.7,25.0,23.8,7.2
66,2014-07-13,0.0,0.0,0.0,0.0,29.1,33.4,26.3,29.5,6.7
67,2014-10-19,1.6,1.6,1.6,1.6,28.1,33.6,24.4,24.8,5.3
68,2017-03-03,6.8,2.2,3.0,4.0,25.7,27.9,23.7,47.2,11.5
69,2015-10-23,0.0,0.0,0.0,0.0,29.7,33.9,27.7,27.0,8.7
70,2016-03-03,0.0,0.0,0.0,0.0,27.8,32.0,25.6,52.9,16.2
71,2014-01-16,0.0,0.0,0.0,0.0,25.6,28.4,23.5,39.6,13.9
72,2016-03-05,0.0,0.0,0.0,0.0,28.1,32.3,25.8,39.2,12.2
73,2016-05-05,15.8,14.4,14.4,15.8,28.9,34.0,25.0,43.2,6.5
74,2014-12-23,0.0,0.0,0.0,0.0,26.1,28.3,24.7,29.9,8.6
75,2014-08-13,0.0,0.0,0.0,0.0,26.4,28.9,24.6,22.7,5.7
76,2016-02-07,33.6,19.4,24.2,27.4,26.4,28.1,24.0,56.2,18.0
77,2017-07-14,35.0,19.6,30.4,33.6,26.1,28.3,22.9,54.4,5.0
78,2017-10-08,5.2,4.4,4.8,5.0,27.1,32.0,24.6,31.3,6.1
79,2014-11-22,6.4,5.8,6.4,6.4,27.5,33.5,25.5,36.7,5.4
80,2014-07-29,13.6,11.4,13.4,13.4,27.2,30.3,23.1,54.0,6.6
81,2014-06-17,0.0,0.0,0.0,0.0,30.4,33.8,28.2,22.7,7.2
82,2015-06-20,0.0,0.0,0.0,0.0,29.7,33.2,27.3,27.0,6.9
83,2015-11-17,16.4,8.6,11.8,15.6,26.8,32.0,23.2,27.4,6.8
84,2014-06-29,3.6,2.0,2.0,2.0,28.6,31.5,25.8,29.2,5.2
85,2015-10-08,0.2,0.2,0.2,0.2,27.7,33.5,25.3,31.3,5.2
86,2015-12-06,2.6,1.8,1.8,1.8,27.1,31.8,25.3,40.7,7.4
87,2014-11-26,33.2,19.2,24.4,33.2,27.1,33.1,24.2,71.3,7.8
88,2015-12-18,3.4,3.0,3.2,3.2,27.1,29.7,23.8,56.5,11.8
89,2014-03-07,0.0,0.0,0.0,0.0,27.2,32.1,23.9,36.7,12.1
90,2015-11-09,0.4,0.2,0.2,0.2,27.8,31.7,24.5,21.6,6.0
91,2015-02-09,0.0,0.0,0.0,0.0,26.2,29.7,24.3,50.8,17.2
92,2014-04-23,2.0,1.8,2.0,2.0,27.8,33.5,24.8,40.7,5.6
93,2015-07-14,27.6,20.6,27.0,27.4,28.2,32.1,22.8,55.1,7.9
94,2015-06-03,0.0,0.0,0.0,0.0,28.8,33.1,25.0,21.6,6.4
95,2016-05-04,0.0,0.0,0.0,0.0,30.3,34.6,26.9,29.5,10.1
96,2015-07-24,0.4,0.2,0.2,0.2,28.5,33.5,25.3,43.9,8.0
97,2015-08-02,0.0,0.0,0.0,0.0,28.9,33.1,25.6,29.5,6.3
98,2017-11-11,20.4,9.0,13.2,18.2,25.7,29.7,24.4,38.2,4.7
99,2015-06-13,0.0,0.0,0.0,0.0,28.0,31.7,25.8,20.5,6.2
100,2016-11-16,0.4,0.4,0.4,0.4,26.8,29.9,23.9,49.7,6.5
101,2017-11-04,7.6,1.4,2.4,4.0,27.1,32.8,23.9,44.6,6.5
102,2015-02-19,1.4,0.8,1.0,1.0,26.4,31.7,23.4,42.5,13.3
103,2014-02-05,0.0,0.0,0.0,0.0,25.9,32.0,22.5,35.6,11.6
104,2015-06-30,0.0,0.0,0.0,0.0,30.1,34.0,26.8,23.8,6.4
105,2014-01-09,2.6,1.4,2.0,2.6,25.4,27.5,23.9,27.4,6.0
106,2016-01-23,6.6,6.2,6.4,6.4,27.8,32.3,25.7,43.6,11.5
107,2016-03-07,9.4,7.0,8.4,9.2,27.8,31.6,26.0,37.1,12.6
108,2016-04-21,0.0,0.0,0.0,0.0,29.9,33.8,27.0,33.5,11.9
109,2014-07-28,0.0,0.0,0.0,0.0,28.9,32.5,26.4,31.7,5.9
110,2015-05-23,5.0,1.6,2.6,4.0,26.8,28.3,25.2,30.6,6.1
111,2015-12-28,2.8,2.8,2.8,2.8,28.0,32.0,25.7,39.2,10.3
112,2014-11-09,0.0,0.0,0.0,0.0,27.5,31.4,23.8,39.2,6.2
113,2016-02-13,0.2,0.2,0.2,0.2,28.1,31.8,26.1,40.3,14.0
114,2017-10-20,0.0,0.0,0.0,0.0,29.5,33.8,26.2,26.3,7.2
115,2015-08-29,0.0,0.0,0.0,0.0,29.7,33.4,27.8,32.8,10.1
116,2017-11-12,0.8,0.6,0.6,0.6,27.2,30.3,25.1,34.9,7.6
117,2015-03-04,0.2,0.2,0.2,0.2,27.5,33.5,25.5,34.2,10.2
118,2016-01-10,0.0,0.0,0.0,0.0,28.4,32.7,26.1,36.4,11.2
119,2014-12-19,28.2,8.6,13.2,19.0,25.2,25.8,24.5,24.8,7.8
120,2015-10-15,0.0,0.0,0.0,0.0,29.2,33.7,25.9,23.8,7.1
121,2014-02-02,0.0,0.0,0.0,0.0,25.4,30.5,22.5,31.0,10.2
122,2017-06-02,0.0,0.0,0.0,0.0,29.3,33.0,27.2,18.4,5.4
123,2017-04-22,0.0,0.0,0.0,0.0,27.9,30.2,25.3,26.6,6.5
124,2016-03-10,4.0,1.6,2.2,2.4,28.0,34.1,26.3,26.6,7.6
125,2015-08-13,0.0,0.0,0.0,0.0,28.4,32.7,25.9,37.1,8.0
126,2014-05-21,11.2,10.6,11.2,11.2,27.6,32.7,25.0,37.8,6.2
127,2014-02-15,0.0,0.0,0.0,0.0,27.1,31.0,24.7,41.0,14.4
128,2017-08-20,0.0,0.0,0.0,0.0,29.2,32.6,26.9,29.5,7.6
129,2015-03-31,34.2,20.2,20.6,21.8,27.3,32.9,24.8,38.5,7.4
130,2017-07-12,6.8,2.4,4.0,5.8,26.1,28.1,23.2,47.5,7.2
131,2015-06-05,0.0,0.0,0.0,0.0,28.4,34.8,25.8,28.4,4.8
132,2014-10-31,0.0,0.0,0.0,0.0,27.3,33.9,24.0,37.4,5.7
133,2015-08-07,7.0,6.8,7.0,7.0,27.0,30.0,24.2,37.8,5.1
134,2017-04-17,4.8,3.8,4.8,4.8,28.3,32.2,23.8,53.6,7.6
135,2016-12-04,0.0,0.0,0.0,0.0,29.2,34.1,25.7,25.9,6.8
136,2014-07-19,0.0,0.0,0.0,0.0,29.1,32.3,27.7,42.8,6.1
137,2016-04-05,0.0,0.0,0.0,0.0,28.7,32.0,26.7,33.8,10.4
138,2015-05-15,0.4,0.2,0.2,0.2,27.0,29.7,26.0,27.0,4.3
139,2014-06-14,18.0,11.8,17.6,18.0,27.4,29.4,22.9,58.7,5.1
140,2015-03-24,0.0,0.0,0.0,0.0,27.9,31.0,25.9,35.6,12.8
141,2017-05-11,0.0,0.0,0.0,0.0,28.1,31.8,25.3,21.6,6.1
142,2014-03-02,0.0,0.0,0.0,0.0,27.5,33.9,24.1,31.0,10.2
143,2014-04-19,0.0,0.0,0.0,0.0,28.7,33.7,25.3,25.6,6.7
144,2014-03-08,0.0,0.0,0.0,0.0,27.4,32.8,24.5,37.8,11.9
145,2015-12-23,9.4,8.8,9.0,9.4,28.1,32.4,23.3,37.8,8.3
146,2016-01-18,14.0,13.8,14.0,14.0,27.9,34.4,25.0,26.3,6.1
147,2015-09-23,0.0,0.0,0.0,0.0,28.3,30.9,26.3,29.2,7.8
148,2014-11-18,3.0,1.2,1.6,2.2,25.6,27.1,24.8,17.3,5.9
149,2017-06-21,0.0,0.0,0.0,0.0,28.5,32.1,27.1,22.3,5.4
150,2014-03-18,21.2,11.2,11.2,13.4,26.1,30.1,24.5,38.2,7.2
151,2016-05-02,7.4,7.2,7.2,7.2,28.3,32.8,26.0,33.1,6.1
152,2014-05-30,10.2,5.2,5.8,9.4,27.7,31.6,26.0,31.3,6.8
153,2017-07-13,6.0,3.2,3.4,5.6,27.5,31.4,24.7,28.8,5.8
154,2017-10-15,0.0,0.0,0.0,0.0,29.6,33.5,26.9,29.9,7.2
155,2014-12-09,0.0,0.0,0.0,0.0,27.6,31.3,24.9,37.8,10.9
156,2016-12-10,10.6,10.2,10.4,10.4,27.2,29.8,24.3,32.8,7.9
157,2015-03-29,4.8,2.6,2.8,4.6,26.7,29.6,25.0,42.8,8.8
158,2014-12-01,7.2,5.4,5.4,5.4,26.3,28.7,23.6,26.3,5.9
159,2016-05-17,3.2,3.0,3.2,3.2,28.6,34.5,26.6,32.0,5.4
160,2015-08-03,6.2,2.4,3.6,4.4,26.3,28.5,23.9,35.6,6.4
161,2016-11-28,0.0,0.0,0.0,0.0,27.3,29.6,25.7,33.5,9.7
162,2015-09-11,0.0,0.0,0.0,0.0,28.8,33.1,25.2,27.4,7.4
163,2014-06-13,0.0,0.0,0.0,0.0,30.0,33.4,27.7,23.4,5.9
164,2015-05-13,8.8,3.6,4.2,4.4,28.0,31.1,26.0,33.8,5.9
165,2015-08-18,0.0,0.0,0.0,0.0,29.2,32.9,26.8,29.5,7.8
166,2014-12-10,0.0,0.0,0.0,0.0,27.8,32.2,25.5,33.8,11.4
167,2015-07-27,0.0,0.0,0.0,0.0,28.4,31.8,25.2,37.8,7.0
168,2015-01-31,0.0,0.0,0.0,0.0,26.9,31.3,24.6,43.6,15.7
169,2017-04-26,41.6,32.6,41.2,41.4,27.1,30.7,24.3,27.0,6.1
170,2014-12-30,0.0,0.0,0.0,0.0,24.8,26.0,23.9,45.7,12.1
171,2017-09-23,1.0,0.6,1.0,1.0,28.8,32.9,25.3,28.4,5.8
172,2014-02-25,0.0,0.0,0.0,0.0,26.4,31.0,23.4,37.8,11.9
173,2016-04-24,1.4,1.2,1.2,1.4,29.2,33.0,26.7,23.8,5.0
174,2017-10-05,2.4,2.0,2.2,2.2,26.8,30.8,24.3,25.6,5.0
175,2014-04-21,5.8,2.0,3.4,5.4,26.5,29.3,25.4,27.4,6.0
176,2015-07-17,16.4,10.0,10.2,10.2,28.2,31.7,24.8,45.7,7.2
177,2016-02-09,0.0,0.0,0.0,0.0,26.5,28.5,25.2,27.7,9.7
178,2015-11-15,6.2,5.4,5.6,5.8,27.3,30.3,24.4,37.4,5.9
179,2014-06-02,10.2,10.0,10.0,10.0,28.4,31.2,25.8,24.8,4.2
180,2016-12-17,1.8,1.6,1.6,1.6,26.8,31.8,24.6,36.7,9.0
181,2014-10-17,41.8,27.4,33.2,34.2,27.5,32.6,24.1,38.5,6.4
182,2017-03-08,0.2,0.2,0.2,0.2,27.1,31.0,24.5,38.9,13.3
183,2014-02-07,0.0,0.0,0.0,0.0,26.3,31.5,23.6,27.0,10.1
184,2016-12-07,1.4,1.4,1.4,1.4,28.1,32.7,26.3,28.8,9.0
185,2016-11-21,1.6,1.6,1.6,1.6,27.8,30.6,25.5,31.3,9.0
186,2015-09-02,0.0,0.0,0.0,0.0,29.2,33.2,26.9,32.4,8.9
187,2017-09-19,14.2,9.6,10.4,11.2,26.1,30.2,24.0,28.4,5.8
188,2016-04-08,0.0,0.0,0.0,0.0,29.5,35.3,26.5,28.8,9.7
189,2015-11-13,0.2,0.2,0.2,0.2,27.1,30.2,25.1,26.3,5.7
190,2014-12-26,25.0,6.4,11.2,13.6,25.2,28.1,23.7,31.3,7.4
191,2016-04-10,0.0,0.0,0.0,0.0,29.1,35.2,25.2,31.3,9.7
192,2014-05-14,12.2,10.6,12.0,12.2,27.7,30.6,24.5,38.2,8.9
193,2015-01-16,0.0,0.0,0.0,0.0,26.4,30.4,23.6,39.2,13.8
194,2015-12-25,6.0,6.0,6.0,6.0,27.4,31.0,24.8,51.1,11.4
195,2015-12-08,16.8,13.6,13.6,13.6,27.4,32.4,24.5,55.4,5.7
196,2016-02-12,6.2,6.2,6.2,6.2,27.2,31.7,23.6,40.3,10.4
197,2015-03-26,0.0,0.0,0.0,0.0,28.4,31.9,26.1,46.4,15.7
198,2016-05-16,2.4,1.6,1.6,2.4,28.0,32.5,25.5,39.6,7.2
199,2017-08-23,0.0,0.0,0.0,0.0,29.0,32.5,26.0,29.5,6.5
200,2017-11-15,0.0,0.0,0.0,0.0,26.9,31.6,24.8,29.5,6.8
201,2017-09-29,14.4,8.0,12.2,14.2,26.9,29.7,23.0,51.8,6.5
202,2016-05-15,6.6,5.2,5.2,6.4,28.1,34.4,26.0,25.9,5.8
203,2016-01-19,0.0,0.0,0.0,0.0,28.2,31.5,26.1,35.3,10.8
204,2016-03-17,0.0,0.0,0.0,0.0,28.6,34.4,25.5,31.7,11.5
205,2015-12-22,0.0,0.0,0.0,0.0,28.9,33.4,26.1,32.0,8.1
206,2014-02-11,0.0,0.0,0.0,0.0,27.2,31.7,24.7,33.1,11.1
207,2015-08-05,0.0,0.0,0.0,0.0,28.4,32.0,26.6,25.6,6.2
208,2014-07-17,0.0,0.0,0.0,0.0,27.7,30.3,25.1,28.4,6.4
209,2015-02-21,0.0,0.0,0.0,0.0,26.8,31.4,24.1,34.2,13.6
210,2017-10-18,0.0,0.0,0.0,0.0,30.3,34.8,26.8,29.2,8.3
211,2014-06-09,16.8,16.8,16.8,16.8,29.1,34.5,24.0,53.3,5.5
212,2014-03-11,0.0,0.0,0.0,0.0,27.6,33.3,24.0,42.5,13.9
213,2017-02-27,0.0,0.0,0.0,0.0,27.2,30.2,25.3,50.0,14.4
214,2014-05-04,0.0,0.0,0.0,0.0,28.9,33.3,26.2,29.9,6.8
215,2015-02-26,0.0,0.0,0.0,0.0,27.0,30.8,24.6,33.1,12.3
216,2015-12-13,14.2,5.6,5.8,5.8,25.3,29.1,23.7,23.8,6.8
217,2015-03-05,0.0,0.0,0.0,0.0,27.6,33.2,24.6,34.6,10.6
218,2017-09-18,21.2,17.8,19.0,20.0,26.3,31.7,22.1,60.8,5.4
219,2015-03-22,37.4,21.8,32.6,37.4,26.9,32.6,23.1,57.6,8.3
220,2015-08-20,0.0,0.0,0.0,0.0,29.4,32.4,27.2,32.8,6.0
221,2014-08-05,1.2,0.4,0.6,0.6,26.5,28.6,23.6,49.0,8.1
222,2014-12-17,27.0,20.0,24.4,26.0,26.1,30.8,23.6,32.0,5.9
223,2016-05-28,23.6,18.2,20.2,20.8,28.6,32.5,23.7,48.2,5.8
224,2015-12-29,21.2,13.0,14.0,14.2,25.7,28.3,23.7,43.6,11.7
225,2015-07-31,39.2,28.4,36.0,38.8,26.5,32.1,23.2,39.6,5.5
226,2014-03-03,0.0,0.0,0.0,0.0,27.3,33.2,24.4,38.5,10.8
227,2015-03-13,0.0,0.0,0.0,0.0,27.2,32.2,24.4,33.8,12.2
228,2016-02-19,69.0,15.2,27.8,41.6,24.7,26.7,23.5,32.8,7.2
229,2014-03-04,0.0,0.0,0.0,0.0,27.5,33.3,24.2,33.1,10.6
230,2015-06-15,0.0,0.0,0.0,0.0,27.9,31.1,25.7,28.4,4.7
231,2015-05-21,0.4,0.2,0.2,0.4,28.9,33.3,25.7,26.3,6.3
232,2014-11-21,1.0,0.8,1.0,1.0,27.2,32.5,25.3,33.8,6.1
233,2015-12-27,0.0,0.0,0.0,0.0,28.0,31.3,25.2,34.6,11.0
234,2017-04-03,1.6,0.8,1.0,1.0,26.9,28.7,24.8,25.6,6.8
235,2017-03-01,29.6,10.2,11.2,11.2,24.8,27.4,23.3,38.2,9.4
236,2015-08-06,15.0,10.0,14.2,14.8,26.9,30.3,24.4,42.5,5.9
237,2014-02-18,0.0,0.0,0.0,0.0,27.4,32.2,24.8,34.6,13.0
238,2015-09-22,0.0,0.0,0.0,0.0,28.2,32.3,25.0,31.0,6.5
239,2014-10-27,0.0,0.0,0.0,0.0,27.1,31.7,24.3,49.0,6.9
240,2014-04-28,0.2,0.2,0.2,0.2,28.5,32.3,25.5,26.3,6.9
241,2014-11-24,1.0,1.0,1.0,1.0,27.6,32.6,24.9,36.4,6.6
242,2015-01-24,0.0,0.0,0.0,0.0,26.2,29.9,24.4,37.1,12.7
243,2015-07-25,0.0,0.0,0.0,0.0,29.6,34.1,25.7,28.8,7.1
244,2015-11-08,5.8,4.8,5.0,5.0,26.8,31.6,24.7,21.6,4.6
245,2014-01-26,0.0,0.0,0.0,0.0,25.2,29.3,22.5,37.1,11.3
246,2016-04-23,1.0,1.0,1.0,1.0,28.7,32.1,27.3,33.8,7.2
247,2015-07-08,4.4,4.4,4.4,4.4,28.5,32.3,23.8,58.0,6.2
248,2017-06-13,0.0,0.0,0.0,0.0,29.0,33.3,25.7,34.2,7.6
249,2017-05-24,29.0,12.0,14.6,23.8,26.4,29.2,23.3,46.1,6.5
250,2015-03-06,0.0,0.0,0.0,0.0,27.7,32.5,24.4,29.9,9.4
251,2015-06-02,5.2,5.2,5.2,5.2,28.6,35.1,25.4,36.7,8.2
252,2016-03-23,0.0,0.0,0.0,0.0,28.8,33.5,26.0,31.3,9.0
253,2014-03-21,5.0,4.0,5.0,5.0,27.3,33.1,24.8,34.6,6.9
254,2017-07-11,0.6,0.4,0.4,0.6,27.7,29.9,25.7,32.0,8.3
255,2016-04-17,11.0,10.6,11.0,11.0,29.3,34.7,25.2,43.6,8.3
256,2015-10-24,9.8,9.0,9.0,9.0,28.7,31.7,25.4,38.2,8.4
257,2015-03-08,0.0,0.0,0.0,0.0,27.8,33.5,25.3,36.4,8.8
258,2016-02-05,3.0,2.0,2.0,2.8,27.6,31.6,25.7,25.2,6.8
259,2015-05-10,0.0,0.0,0.0,0.0,29.2,33.8,27.4,26.6,6.9
260,2014-08-06,12.0,8.8,11.2,11.2,27.3,30.3,23.6,33.8,5.1
261,2015-12-30,0.0,0.0,0.0,0.0,27.7,31.6,25.2,44.6,14.9
262,2014-02-19,0.0,0.0,0.0,0.0,27.1,32.0,24.5,35.3,12.0
263,2015-05-25,18.4,11.8,17.4,18.4,27.9,31.7,25.9,23.0,5.0
264,2017-04-21,14.8,10.2,11.6,12.6,27.4,31.5,23.6,38.9,7.9
265,2017-10-21,0.0,0.0,0.0,0.0,29.7,33.8,26.9,31.7,7.6
266,2016-12-15,0.0,0.0,0.0,0.0,28.5,31.9,26.1,33.5,8.3
267,2015-09-28,3.6,1.4,2.0,3.0,27.6,30.7,24.3,36.0,6.1
268,2015-06-28,0.0,0.0,0.0,0.0,29.9,33.2,27.8,29.5,7.7
269,2017-04-27,0.0,0.0,0.0,0.0,27.7,33.0,24.8,32.0,7.9
270,2014-12-12,0.0,0.0,0.0,0.0,28.0,31.7,25.3,38.5,11.6
271,2015-11-03,6.4,6.0,6.0,6.0,27.4,34.1,24.7,45.4,6.6
272,2016-05-29,0.0,0.0,0.0,0.0,29.8,33.9,26.8,22.0,6.1
273,2015-10-09,0.0,0.0,0.0,0.0,29.0,33.8,24.8,22.3,5.4
274,2015-09-07,0.0,0.0,0.0,0.0,29.0,32.6,26.2,24.8,6.2
275,2014-03-10,0.0,0.0,0.0,0.0,27.2,31.4,24.2,42.1,13.8
276,2017-08-14,0.0,0.0,0.0,0.0,28.2,32.0,25.5,27.4,6.1
277,2014-12-08,0.2,0.2,0.2,0.2,27.0,30.1,24.9,28.8,8.4
278,2014-01-03,4.6,4.4,4.4,4.6,26.5,29.5,24.9,34.2,9.7
279,2017-09-11,16.4,14.0,14.8,15.2,26.2,29.9,23.0,34.2,6.1
280,2015-11-12,19.6,14.6,16.2,19.4,27.0,32.2,24.9,39.6,6.8
281,2015-01-20,0.0,0.0,0.0,0.0,26.2,29.9,23.6,41.0,14.4
282,2017-05-27,1.2,0.6,0.6,1.0,27.5,32.9,25.5,43.9,5.8
283,2017-10-16,2.2,2.2,2.2,2.2,28.8,32.3,24.0,45.4,7.2
284,2017-10-11,10.4,8.6,9.6,10.2,28.3,32.1,23.7,41.4,8.3
285,2014-06-04,4.0,2.0,2.0,3.6,27.5,29.0,26.4,25.9,5.7
286,2014-01-04,3.8,3.8,3.8,3.8,26.4,31.2,24.7,32.8,8.1
287,2017-04-09,0.0,0.0,0.0,0.0,27.6,34.5,24.9,26.3,5.8
288,2017-09-27,0.0,0.0,0.0,0.0,27.4,30.6,24.4,34.2,6.1
289,2014-06-08,0.0,0.0,0.0,0.0,30.2,34.1,27.3,25.2,6.1
290,2014-01-28,0.0,0.0,0.0,0.0,26.1,29.7,24.1,40.7,14.0
291,2015-11-04,0.0,0.0,0.0,0.0,27.4,32.4,25.0,26.3,6.3
292,2015-02-01,0.0,0.0,0.0,0.0,26.2,30.4,23.4,48.6,13.9
293,2014-07-03,0.2,0.2,0.2,0.2,28.5,31.6,25.8,25.2,5.5
294,2015-07-02,4.0,4.0,4.0,4.0,28.9,32.2,26.7,31.0,5.8
295,2015-10-04,0.0,0.0,0.0,0.0,29.0,32.3,26.6,29.2,6.6
296,2014-05-16,13.0,12.0,12.0,12.6,28.3,31.3,23.3,46.4,6.1
297,2017-04-01,5.2,4.0,4.8,5.2,26.7,31.7,24.5,31.7,5.8
298,2017-03-09,0.0,0.0,0.0,0.0,27.1,31.4,24.5,36.0,14.8
299,2015-06-19,0.0,0.0,0.0,0.0,29.2,32.0,27.1,28.4,6.9
300,2017-03-13,0.0,0.0,0.0,0.0,28.2,34.4,25.2,26.3,7.6
301,2014-03-15,0.0,0.0,0.0,0.0,28.0,31.8,25.6,43.6,14.0
302,2016-05-14,16.2,11.2,14.4,16.2,27.3,32.8,24.6,25.6,5.0
303,2015-01-07,7.8,5.4,5.8,6.6,26.0,30.7,24.8,27.4,8.1
304,2015-11-26,11.8,7.8,9.0,9.0,26.3,30.7,24.4,32.8,9.3
305,2014-01-11,1.8,1.8,1.8,1.8,26.5,30.9,23.6,37.4,12.8
306,2014-01-15,0.0,0.0,0.0,0.0,25.4,28.2,23.9,44.3,12.8
307,2017-06-20,0.0,0.0,0.0,0.0,29.1,32.8,25.8,28.4,6.1
308,2014-05-05,4.4,2.8,3.0,4.4,28.9,33.6,26.6,30.2,7.0
309,2016-02-15,0.0,0.0,0.0,0.0,28.3,32.2,25.6,34.9,11.9
310,2016-12-30,0.6,0.6,0.6,0.6,26.8,32.0,24.9,46.8,12.2
311,2016-04-18,0.2,0.2,0.2,0.2,29.8,35.1,26.2,26.3,7.9
312,2015-11-02,18.8,13.2,17.2,18.8,26.5,32.8,23.8,25.6,7.3
313,2017-08-28,0.0,0.0,0.0,0.0,28.0,31.8,26.1,24.8,5.8
314,2015-06-29,0.0,0.0,0.0,0.0,30.0,33.8,27.2,25.9,6.3
315,2017-07-19,0.0,0.0,0.0,0.0,28.9,32.2,26.5,21.6,6.1
316,2016-01-20,0.4,0.4,0.4,0.4,28.2,31.5,26.0,31.7,7.9
317,2016-12-24,16.8,11.6,13.2,14.4,26.3,32.5,23.7,37.8,9.0
318,2015-06-22,0.0,0.0,0.0,0.0,30.1,33.5,27.7,25.2,7.0
319,2016-02-26,0.0,0.0,0.0,0.0,27.6,31.1,25.1,43.2,15.1
320,2015-11-24,44.4,24.0,30.4,42.4,26.2,29.7,24.0,35.3,5.2
321,2016-02-16,0.0,0.0,0.0,0.0,28.0,31.4,26.1,52.2,16.2
322,2017-09-10,1.4,0.6,0.6,0.6,27.2,31.1,25.2,47.5,5.8
323,2014-04-26,1.8,1.4,1.4,1.8,27.9,34.9,25.6,28.8,5.6
324,2017-03-24,2.4,2.4,2.4,2.4,28.5,32.7,26.4,25.2,8.3
325,2016-05-23,0.0,0.0,0.0,0.0,29.8,35.5,25.5,28.8,5.8
326,2016-02-20,1.4,1.2,1.2,1.4,26.1,28.4,24.2,38.2,10.4
327,2015-01-25,0.0,0.0,0.0,0.0,26.2,29.8,24.0,36.4,12.9
328,2016-05-09,0.0,0.0,0.0,0.0,29.1,33.7,26.0,50.8,6.5
329,2017-10-19,0.0,0.0,0.0,0.0,29.6,33.3,27.0,29.2,7.6
330,2014-06-30,22.6,21.2,22.4,22.6,27.2,30.5,23.0,38.5,6.3
331,2014-05-23,1.8,1.6,1.6,1.8,27.0,30.6,24.2,31.0,6.0
332,2017-07-04,0.0,0.0,0.0,0.0,28.7,32.2,25.8,27.4,6.1
333,2015-10-28,17.0,9.4,12.0,15.0,26.5,30.8,22.2,55.8,8.8
334,2015-10-20,0.0,0.0,0.0,0.0,29.4,33.3,26.1,27.0,6.3
335,2014-11-01,0.0,0.0,0.0,0.0,28.1,31.9,25.6,23.4,7.3
336,2015-10-11,0.0,0.0,0.0,0.0,29.7,33.9,27.0,24.5,8.4
337,2015-03-15,0.0,0.0,0.0,0.0,27.4,31.0,24.9,31.0,11.6
338,2017-07-22,0.0,0.0,0.0,0.0,29.8,33.8,27.5,24.1,7.6
339,2016-02-21,0.0,0.0,0.0,0.0,27.1,31.5,24.6,42.5,12.6
340,2017-10-04,8.8,4.6,7.4,7.8,25.6,27.6,22.9,38.5,5.8
341,2014-04-14,60.4,25.2,34.4,42.4,27.6,35.8,23.0,47.9,6.1
342,2014-11-03,0.0,0.0,0.0,0.0,29.8,33.6,25.9,24.8,5.3
343,2016-03-13,2.2,1.0,1.2,1.8,28.2,32.9,25.2,35.6,10.4
344,2014-11-30,0.0,0.0,0.0,0.0,27.6,31.2,24.6,22.3,5.6
345,2014-07-11,15.8,5.8,9.4,15.6,27.2,31.7,24.8,33.1,5.9
346,2015-08-28,0.0,0.0,0.0,0.0,29.0,32.8,26.2,32.8,10.2
347,2015-02-27,0.0,0.0,0.0,0.0,27.4,32.3,24.4,40.3,14.5
348,2017-10-24,1.8,1.6,1.6,1.6,27.4,31.4,25.9,22.3,6.1
349,2014-01-07,2.0,2.0,2.0,2.0,26.5,30.6,24.3,27.4,8.0
350,2014-04-29,0.0,0.0,0.0,0.0,28.2,31.6,25.8,34.9,7.3
351,2017-10-28,0.0,0.0,0.0,0.0,28.4,33.4,25.5,34.2,9.0
352,2015-09-10,0.0,0.0,0.0,0.0,27.3,30.6,24.0,24.8,5.2
353,2016-03-15,0.0,0.0,0.0,0.0,28.6,32.6,26.2,34.9,10.8
354,2014-07-16,0.0,0.0,0.0,0.0,29.2,33.4,26.7,26.3,7.1
355,2017-02-21,7.4,4.4,4.4,7.4,26.7,31.5,24.8,28.1,8.6
356,2015-01-06,41.8,23.6,27.8,29.4,26.7,32.2,24.3,36.7,8.8
357,2016-02-14,41.2,15.4,24.4,36.4,27.1,32.6,24.8,42.5,9.4
358,2015-09-20,13.0,11.0,13.0,13.0,28.6,33.3,26.2,29.9,6.6
359,2017-05-16,1.8,1.8,1.8,1.8,28.9,32.8,27.0,33.8,5.8
360,2017-08-15,11.2,6.4,10.2,11.2,26.2,27.5,23.0,33.5,6.5
361,2016-02-10,7.6,2.8,5.0,7.6,26.2,28.0,24.7,35.3,12.2
362,2017-10-02,0.0,0.0,0.0,0.0,27.5,31.4,24.8,32.4,6.8
363,2014-07-20,0.0,0.0,0.0,0.0,29.4,33.9,26.3,28.1,5.8
364,2014-07-05,34.4,15.0,16.2,18.0,27.1,29.9,23.6,38.9,6.1
365,2014-06-21,0.0,0.0,0.0,0.0,30.8,34.3,28.3,30.6,6.7
366,2017-02-08,18.4,14.8,16.0,16.4,26.6,32.0,24.1,31.3,7.2
367,2017-04-19,10.8,8.4,10.4,10.6,27.5,33.8,24.1,31.3,5.0
368,2014-07-09,28.8,24.8,26.0,26.6,27.2,29.2,22.9,32.0,6.5
369,2016-03-27,0.0,0.0,0.0,0.0,28.7,32.4,26.7,44.3,14.0
370,2014-07-06,0.0,0.0,0.0,0.0,28.4,31.2,26.2,29.5,5.0
371,2016-01-09,0.0,0.0,0.0,0.0,28.2,32.3,25.7,39.2,12.6
372,2016-01-12,0.0,0.0,0.0,0.0,28.5,32.1,26.0,35.3,12.6
373,2017-03-26,0.0,0.0,0.0,0.0,28.6,33.4,25.5,39.6,10.8
374,2017-02-13,1.4,0.8,0.8,0.8,26.0,29.0,23.8,57.2,14.8
375,2017-08-21,14.6,11.8,14.4,14.6,28.1,32.8,25.2,32.4,6.8
376,2016-12-14,0.2,0.2,0.2,0.2,27.9,32.3,25.2,33.8,7.6
377,2014-11-19,0.0,0.0,0.0,0.0,27.3,32.9,24.9,36.0,8.2
378,2014-01-20,0.0,0.0,0.0,0.0,25.6,29.2,23.7,37.4,14.2
379,2016-04-07,0.0,0.0,0.0,0.0,29.1,34.7,25.6,30.6,8.6
380,2016-03-30,0.0,0.0,0.0,0.0,28.6,32.9,26.0,37.8,14.4
381,2014-04-09,10.4,10.4,10.4,10.4,27.5,34.2,24.4,34.6,6.6
382,2016-12-16,0.0,0.0,0.0,0.0,28.6,32.8,26.1,29.5,8.6
383,2014-02-08,15.8,10.6,15.0,15.6,26.3,31.7,23.8,32.0,9.4
384,2016-04-29,9.0,7.6,8.8,8.8,28.0,34.4,25.2,28.1,5.4
385,2015-12-02,0.0,0.0,0.0,0.0,26.9,31.9,25.1,32.0,6.8
386,2015-09-26,0.0,0.0,0.0,0.0,29.0,33.4,25.5,27.4,7.0
387,2016-05-11,29.2,21.6,25.0,29.2,28.6,34.6,24.5,50.8,5.8
388,2014-08-12,0.0,0.0,0.0,0.0,27.2,30.6,24.5,33.5,5.4
389,2015-07-16,0.2,0.2,0.2,0.2,28.9,32.6,27.2,36.4,6.9
390,2014-03-01,0.0,0.0,0.0,0.0,27.0,31.5,24.6,40.3,12.4
391,2014-04-01,3.0,1.8,1.8,1.8,28.1,33.1,25.7,22.7,6.7
392,2017-03-29,9.2,9.0,9.0,9.0,26.5,31.6,25.1,26.6,4.7
393,2015-02-28,0.0,0.0,0.0,0.0,27.8,32.8,24.7,38.5,14.4
394,2015-11-06,0.0,0.0,0.0,0.0,28.5,32.5,26.5,26.6,7.2
395,2017-11-09,62.2,26.2,29.4,43.8,26.4,31.8,23.2,29.2,7.2
396,2014-06-11,0.0,0.0,0.0,0.0,30.0,33.7,27.8,34.2,5.9
397,2016-04-22,0.0,0.0,0.0,0.0,29.2,33.7,27.4,31.7,8.3
398,2014-03-16,25.4,9.4,15.4,19.8,25.4,27.0,23.6,44.3,7.8
399,2015-12-12,42.6,19.6,36.8,38.0,26.4,32.1,24.6,40.7,6.1
400,2016-12-27,1.0,0.8,0.8,1.0,25.7,29.0,24.0,41.8,10.1
401,2015-01-23,0.0,0.0,0.0,0.0,26.1,29.4,23.7,44.3,14.7
402,2014-12-03,0.0,0.0,0.0,0.0,28.6,32.1,25.4,28.8,8.0
403,2014-02-04,0.0,0.0,0.0,0.0,26.2,31.8,22.4,32.4,10.6
404,2017-08-30,0.4,0.2,0.2,0.2,27.3,32.5,25.3,34.9,6.5
405,2017-02-20,0.0,0.0,0.0,0.0,27.3,31.2,25.1,41.0,13.0
406,2017-06-18,24.0,15.4,19.8,20.4,26.8,29.9,23.0,54.0,7.6
407,2015-02-17,0.0,0.0,0.0,0.0,27.0,31.3,24.5,38.9,15.6
408,2017-07-21,0.0,0.0,0.0,0.0,29.5,33.1,27.2,25.9,7.2
409,2014-01-23,0.0,0.0,0.0,0.0,25.2,28.7,23.1,41.8,13.0
410,2015-02-23,42.6,19.4,30.2,42.6,26.8,34.1,23.6,38.9,10.4
411,2014-04-06,2.0,1.2,1.8,2.0,28.0,31.8,25.2,32.4,8.6
412,2016-12-20,0.0,0.0,0.0,0.0,28.0,31.8,25.2,46.1,14.8
413,2016-01-25,5.0,5.0,5.0,5.0,27.4,31.3,25.3,64.4,14.0
414,2017-03-27,0.0,0.0,0.0,0.0,28.6,31.7,26.1,31.7,10.1
415,2014-01-18,0.0,0.0,0.0,0.0,25.6,28.5,23.5,42.5,14.0
416,2016-04-02,0.0,0.0,0.0,0.0,29.2,33.9,26.1,41.4,13.0
417,2016-04-30,1.2,1.0,1.2,1.2,27.9,35.5,25.2,40.3,5.8
418,2015-03-27,0.0,0.0,0.0,0.0,28.4,32.2,26.0,42.1,14.7
419,2014-02-22,0.0,0.0,0.0,0.0,27.5,32.4,24.5,51.1,14.8
420,2015-10-16,0.0,0.0,0.0,0.0,29.1,33.2,25.9,23.4,7.1
421,2017-05-08,0.0,0.0,0.0,0.0,28.4,31.7,25.6,24.1,6.8
422,2017-10-23,0.0,0.0,0.0,0.0,28.3,31.2,26.7,24.5,6.1
423,2017-06-14,0.2,0.2,0.2,0.2,27.4,32.3,24.8,41.0,7.2
424,2016-01-17,20.8,8.2,14.4,19.4,26.7,31.2,23.8,38.9,6.5
425,2017-08-18,3.8,3.6,3.6,3.6,27.2,31.2,24.4,35.6,7.2
426,2016-02-02,6.6,3.8,4.8,6.4,27.4,30.8,24.3,40.7,11.5
427,2015-08-26,0.0,0.0,0.0,0.0,28.3,32.2,25.9,26.6,6.4
428,2016-04-11,0.0,0.0,0.0,0.0,29.6,33.6,27.2,31.0,7.6
429,2014-11-29,5.8,3.6,3.8,4.8,25.8,31.3,24.6,37.4,6.5
430,2016-01-16,2.0,1.4,1.4,2.0,27.2,32.7,25.2,31.7,5.4
431,2015-09-30,9.8,9.2,9.6,9.6,27.8,32.3,24.0,42.1,6.5
432,2014-07-23,2.4,2.4,2.4,2.4,29.6,32.2,27.4,40.0,6.6
433,2014-03-26,0.0,0.0,0.0,0.0,28.2,32.7,25.4,35.6,12.0
434,2017-07-08,3.4,2.2,2.2,3.4,28.3,31.5,24.8,33.1,6.8
435,2016-12-01,13.2,3.4,4.8,7.2,25.4,27.3,24.4,24.5,7.9
436,2014-11-05,0.0,0.0,0.0,0.0,27.6,34.5,23.6,30.2,6.9
437,2016-11-04,0.8,0.6,0.8,0.8,27.7,30.4,25.8,24.8,6.5
438,2014-03-09,0.0,0.0,0.0,0.0,27.0,32.6,23.6,40.0,13.0
439,2014-08-02,6.4,4.0,5.8,6.4,28.7,32.2,24.8,45.0,7.2
440,2014-05-07,3.4,1.0,1.4,2.0,28.0,34.2,25.2,39.2,7.2
441,2017-05-25,0.0,0.0,0.0,0.0,28.1,32.1,25.1,32.8,6.8
442,2017-02-18,0.0,0.0,0.0,0.0,26.7,30.6,24.6,40.7,15.5
443,2015-06-10,0.2,0.2,0.2,0.2,29.0,32.4,26.8,23.4,6.0
444,2017-02-04,14.4,10.6,11.4,14.4,26.8,32.0,23.7,44.3,8.6
445,2014-03-24,0.0,0.0,0.0,0.0,27.6,32.2,24.7,36.7,11.8
446,2014-01-25,0.0,0.0,0.0,0.0,25.2,28.7,23.1,38.5,12.4
447,2017-04-20,2.0,2.0,2.0,2.0,27.7,32.5,25.4,33.8,5.0
448,2017-03-14,4.4,4.4,4.4,4.4,27.0,30.7,23.7,35.6,8.3
449,2014-05-24,0.0,0.0,0.0,0.0,28.4,33.3,24.7,33.5,7.4
450,2015-12-09,2.4,1.0,1.2,1.6,27.7,32.4,24.6,27.0,7.4
451,2017-05-04,0.0,0.0,0.0,0.0,28.7,32.0,26.7,23.8,5.0
452,2017-06-25,7.6,5.2,6.8,7.6,27.4,30.2,24.0,41.8,4.7
453,2014-04-24,9.4,6.4,8.4,9.2,28.0,33.8,24.6,40.0,7.4
454,2016-02-29,0.2,0.2,0.2,0.2,28.1,31.4,26.1,47.2,16.9
455,2017-04-14,0.8,0.6,0.6,0.6,26.9,31.6,24.5,27.4,6.5
456,2015-06-24,0.0,0.0,0.0,0.0,29.8,32.9,27.6,32.4,7.6
457,2014-01-06,80.0,21.8,26.2,30.6,25.0,27.2,23.1,29.5,6.2
458,2017-02-24,19.8,8.8,13.2,14.2,24.7,27.4,23.6,37.4,6.8
459,2017-10-10,1.4,0.4,0.6,0.6,28.0,32.3,24.0,28.1,6.8
460,2016-03-18,0.0,0.0,0.0,0.0,28.7,33.9,25.9,32.4,10.4
461,2015-03-16,1.6,0.8,1.6,1.6,27.3,33.9,25.6,31.0,8.5
462,2016-05-13,3.2,2.8,3.0,3.2,28.0,31.1,25.3,35.3,5.8
463,2016-01-26,7.4,6.6,6.6,6.6,27.1,29.5,25.1,40.7,11.9
464,2016-11-08,0.0,0.0,0.0,0.0,28.9,34.0,25.2,21.6,6.1
465,2015-06-18,0.0,0.0,0.0,0.0,29.2,32.9,26.6,22.7,6.2
466,2015-07-11,0.2,0.2,0.2,0.2,29.3,32.8,26.5,31.3,6.4
467,2014-02-23,0.0,0.0,0.0,0.0,26.7,31.3,24.0,44.3,12.5
468,2017-03-04,29.6,14.6,14.6,14.6,25.3,28.1,23.5,31.3,7.6
469,2015-07-12,0.0,0.0,0.0,0.0,29.4,33.2,27.3,26.3,7.5
470,2015-11-28,1.8,1.4,1.4,1.4,28.0,34.2,25.2,34.2,7.0
471,2015-05-02,7.6,7.2,7.4,7.6,27.7,29.8,25.2,32.8,6.6
472,2016-05-30,0.2,0.2,0.2,0.2,28.4,33.2,25.5,47.2,7.2
473,2015-03-02,0.0,0.0,0.0,0.0,27.5,32.3,24.8,41.4,10.7
474,2017-02-05,0.0,0.0,0.0,0.0,27.3,32.6,24.9,27.4,9.7
475,2015-03-10,0.0,0.0,0.0,0.0,27.5,31.9,24.4,46.1,11.6
476,2014-11-10,0.0,0.0,0.0,0.0,27.3,30.7,25.5,31.7,6.5
477,2014-12-22,0.0,0.0,0.0,0.0,26.7,30.8,24.4,24.1,7.3
478,2014-01-05,3.6,1.2,1.6,2.0,24.6,25.3,23.6,27.0,8.4
479,2014-11-15,26.6,19.0,20.0,20.8,26.9,33.0,24.4,33.1,6.2
480,2015-01-21,16.0,12.8,15.6,15.8,26.1,30.2,24.2,40.3,12.8
481,2014-04-15,0.0,0.0,0.0,0.0,28.4,34.7,24.9,36.0,7.3
482,2016-02-23,0.0,0.0,0.0,0.0,27.4,30.7,25.2,36.7,12.6
483,2014-03-19,21.8,16.2,16.4,19.6,25.9,31.2,24.2,29.9,6.6
484,2014-11-16,1.2,0.8,0.8,1.0,26.2,30.8,25.0,31.0,5.6
485,2017-09-15,4.4,1.4,1.8,2.4,26.8,28.7,25.1,31.0,5.0
486,2015-11-22,0.0,0.0,0.0,0.0,27.8,31.2,25.1,27.0,5.9
487,2015-06-01,0.0,0.0,0.0,0.0,28.9,34.2,26.0,22.3,5.6
488,2017-08-17,66.2,45.4,57.4,61.6,26.9,31.4,23.0,38.2,8.3
489,2016-04-20,0.0,0.0,0.0,0.0,29.4,34.2,27.4,31.3,8.3
490,2015-11-10,0.4,0.4,0.4,0.4,27.7,33.9,25.7,27.0,6.3
491,2017-06-06,0.0,0.0,0.0,0.0,29.9,32.9,28.3,25.6,6.5
492,2016-03-04,0.6,0.4,0.4,0.4,27.6,30.7,25.8,37.1,13.3
493,2017-11-19,0.0,0.0,0.0,0.0,28.2,31.7,26.1,28.4,7.2
494,2014-06-15,0.0,0.0,0.0,0.0,29.2,32.4,26.3,26.3,5.8
495,2014-05-25,16.6,9.6,13.6,13.6,28.8,33.6,26.3,28.1,5.5
496,2017-06-03,0.0,0.0,0.0,0.0,30.1,34.3,27.6,26.3,6.1
497,2015-05-20,38.0,19.6,21.4,23.2,27.5,31.7,25.4,37.1,6.0
498,2017-09-17,1.6,1.0,1.2,1.2,28.7,33.6,26.7,40.7,7.9
499,2015-08-23,0.0,0.0,0.0,0.0,29.0,32.6,27.2,33.1,10.0
500,2014-07-02,0.0,0.0,0.0,0.0,28.7,32.0,25.2,27.7,6.0
501,2015-10-17,0.0,0.0,0.0,0.0,29.5,33.6,26.6,24.5,6.4
502,2017-06-07,0.4,0.4,0.4,0.4,29.8,34.4,26.8,24.1,6.5
503,2017-02-15,5.4,2.6,2.6,2.6,25.1,28.7,22.6,44.6,14.8
504,2014-06-19,2.6,2.4,2.6,2.6,29.2,33.9,24.8,40.7,6.8
505,2015-06-16,13.4,11.6,12.4,12.4,26.9,29.7,23.4,40.0,4.9
506,2015-12-16,1.0,1.0,1.0,1.0,27.3,29.7,23.8,51.5,8.4
507,2016-11-09,1.4,1.2,1.4,1.4,28.3,31.5,24.5,31.0,7.6
508,2017-07-07,0.0,0.0,0.0,0.0,28.9,31.9,26.6,29.5,6.8
509,2015-09-05,0.0,0.0,0.0,0.0,28.9,33.9,25.3,26.3,5.8
510,2015-02-07,0.0,0.0,0.0,0.0,26.0,29.3,24.0,48.6,15.5
511,2015-11-19,1.2,1.2,1.2,1.2,28.0,32.8,24.9,45.0,6.4
512,2015-03-11,8.4,2.8,3.2,4.6,25.4,26.9,24.3,34.6,10.1
513,2015-09-14,0.0,0.0,0.0,0.0,28.7,31.6,27.2,24.8,6.5
514,2014-03-17,29.6,17.4,20.8,21.2,25.7,28.0,23.8,35.6,8.2
515,2017-04-24,15.8,9.6,11.8,14.8,26.7,32.3,24.5,28.1,5.8
516,2017-06-04,0.0,0.0,0.0,0.0,30.4,34.1,28.0,26.3,6.8
517,2015-01-10,1.6,1.6,1.6,1.6,25.9,32.8,23.5,27.4,9.9
518,2015-08-11,12.4,7.4,7.6,7.6,27.9,31.8,26.1,43.9,6.4
519,2015-05-29,0.4,0.4,0.4,0.4,29.8,33.4,27.0,31.0,6.8
520,2014-02-13,0.0,0.0,0.0,0.0,27.5,32.6,24.9,40.7,12.5
521,2015-09-13,0.0,0.0,0.0,0.0,29.2,32.8,26.9,21.6,5.8
522,2014-02-21,0.0,0.0,0.0,0.0,26.9,29.8,24.9,43.2,15.7
523,2017-03-30,7.2,2.4,2.8,3.4,25.3,30.7,23.7,37.8,6.1
524,2014-06-03,0.0,0.0,0.0,0.0,29.3,31.8,26.7,20.5,5.0
525,2015-09-25,0.0,0.0,0.0,0.0,28.9,32.5,26.4,25.6,5.7
526,2014-05-31,0.0,0.0,0.0,0.0,29.0,32.3,26.0,30.6,6.2
527,2014-06-12,5.2,3.8,4.4,4.4,28.7,32.6,23.6,60.5,7.3
528,2015-07-18,6.4,4.8,6.0,6.2,29.3,32.8,26.7,34.2,8.5
529,2017-08-25,0.0,0.0,0.0,0.0,28.1,31.5,25.5,29.5,6.8
530,2015-02-14,0.0,0.0,0.0,0.0,26.1,30.2,23.3,37.8,14.0
531,2016-04-14,0.0,0.0,0.0,0.0,29.8,33.1,27.7,24.1,6.1
532,2015-10-14,0.0,0.0,0.0,0.0,28.7,33.1,26.5,36.4,7.4
533,2016-01-06,0.4,0.4,0.4,0.4,28.2,31.7,26.2,37.4,12.6
534,2015-11-16,38.8,24.2,34.2,35.8,25.6,30.1,23.1,35.3,6.4
535,2016-11-18,15.4,6.2,8.6,9.0,26.9,33.3,24.3,32.0,5.8
536,2016-03-29,0.0,0.0,0.0,0.0,28.7,32.5,26.3,42.5,13.7
537,2017-10-22,0.0,0.0,0.0,0.0,29.1,32.0,27.0,28.4,7.2
538,2014-12-20,0.0,0.0,0.0,0.0,26.8,32.9,24.9,41.0,7.9
539,2014-11-12,31.8,26.6,31.2,31.8,26.6,33.2,23.4,41.4,4.6
540,2014-04-16,6.6,5.4,6.2,6.6,28.1,33.6,25.2,37.1,5.8
541,2014-07-15,0.0,0.0,0.0,0.0,29.8,32.1,28.3,24.5,7.3
542,2015-11-21,38.8,28.0,33.0,35.4,26.6,32.3,23.9,31.0,5.4
543,2014-06-23,0.0,0.0,0.0,0.0,29.7,32.2,27.7,36.7,6.7
544,2016-02-25,0.2,0.2,0.2,0.2,27.3,31.0,24.8,58.0,18.0
545,2014-08-07,0.0,0.0,0.0,0.0,27.4,30.9,25.7,30.6,6.1
546,2017-05-01,0.0,0.0,0.0,0.0,28.9,33.7,26.0,22.3,5.0
547,2016-03-22,0.2,0.2,0.2,0.2,28.2,31.6,26.8,41.8,8.6
548,2014-05-20,5.0,1.8,2.6,4.2,27.2,33.2,23.6,27.0,5.4
549,2014-06-01,23.8,7.6,7.6,10.6,28.3,31.7,25.6,32.0,5.6
550,2015-07-23,0.0,0.0,0.0,0.0,29.0,32.8,27.6,31.0,9.6
551,2014-05-13,0.0,0.0,0.0,0.0,28.6,33.0,25.3,30.6,6.6
552,2014-06-28,0.0,0.0,0.0,0.0,28.9,32.8,26.5,23.0,5.4
553,2016-05-01,1.4,1.0,1.0,1.4,29.2,33.7,25.6,27.4,6.8
554,2014-11-08,0.0,0.0,0.0,0.0,27.1,31.6,24.0,28.4,7.4
555,2015-02-08,0.0,0.0,0.0,0.0,25.9,29.4,23.5,42.1,15.9
556,2017-02-14,2.0,1.0,1.0,1.2,26.1,29.2,23.3,56.2,18.7
557,2014-10-25,0.0,0.0,0.0,0.0,29.4,34.2,26.0,28.1,7.2
558,2017-11-16,16.2,14.4,16.2,16.2,27.8,33.0,25.0,31.3,6.5
559,2015-12-15,0.0,0.0,0.0,0.0,27.1,29.4,25.4,24.8,7.4
560,2017-05-15,12.4,11.4,11.6,11.8,28.1,31.5,24.9,44.6,6.1
561,2017-07-20,0.4,0.4,0.4,0.4,28.5,31.6,26.9,25.2,6.1
562,2017-09-16,0.6,0.4,0.6,0.6,27.0,30.1,24.3,33.8,7.9
563,2017-10-14,0.0,0.0,0.0,0.0,29.2,33.3,26.4,25.2,7.2
564,2015-06-23,0.0,0.0,0.0,0.0,29.9,33.3,27.9,30.2,7.4
565,2014-07-25,0.0,0.0,0.0,0.0,30.0,33.4,27.5,28.4,7.4
566,2016-01-15,16.6,7.4,10.0,10.8,27.2,30.3,24.8,20.5,5.8
567,2017-02-06,0.0,0.0,0.0,0.0,27.6,33.4,25.1,33.1,9.4
568,2015-09-12,0.0,0.0,0.0,0.0,28.8,32.0,26.6,28.1,6.5
569,2014-12-27,19.4,7.6,8.8,11.8,25.8,31.0,23.8,29.2,7.2
570,2016-04-28,19.6,14.0,18.8,19.6,28.2,33.4,25.5,31.3,6.1
571,2015-07-04,16.2,12.0,14.0,15.8,27.4,29.1,23.5,54.0,6.9
572,2015-08-27,0.0,0.0,0.0,0.0,28.6,32.6,25.4,29.9,9.6
573,2017-08-22,0.0,0.0,0.0,0.0,27.3,29.4,25.0,29.9,6.8
574,2014-11-28,0.0,0.0,0.0,0.0,27.9,31.5,26.0,29.9,7.4
575,2016-02-11,0.0,0.0,0.0,0.0,26.9,29.7,24.9,28.8,11.2
576,2016-04-04,0.2,0.2,0.2,0.2,29.1,33.0,26.8,36.4,11.2
577,2014-04-12,2.4,0.6,1.0,1.6,26.6,30.0,23.8,36.0,6.0
578,2017-05-30,12.0,5.2,5.6,10.6,26.6,30.2,23.2,44.6,6.5
579,2017-02-17,0.0,0.0,0.0,0.0,26.8,30.5,24.4,42.1,14.0
580,2015-06-08,0.0,0.0,0.0,0.0,28.3,31.0,26.1,28.4,5.3
581,2015-03-18,0.0,0.0,0.0,0.0,28.3,34.5,25.9,35.6,11.7
582,2017-02-02,0.2,0.2,0.2,0.2,27.3,31.1,25.3,24.1,6.5
583,2014-04-07,0.0,0.0,0.0,0.0,28.8,34.5,24.9,22.7,7.9
584,2017-10-12,1.2,0.6,0.6,0.6,27.2,29.4,24.7,29.9,5.8
585,2014-07-04,0.0,0.0,0.0,0.0,28.6,30.9,27.4,33.5,4.9
586,2016-01-30,0.0,0.0,0.0,0.0,28.4,33.0,25.9,33.8,11.5
587,2015-05-03,87.2,28.2,50.4,80.8,26.8,29.5,23.6,38.9,5.7
588,2014-02-03,0.0,0.0,0.0,0.0,25.9,31.7,23.0,29.9,10.8
589,2015-08-10,0.0,0.0,0.0,0.0,28.9,31.9,26.6,34.2,8.6
590,2016-12-02,0.8,0.6,0.6,0.8,27.0,31.3,24.3,32.0,8.6
591,2016-01-03,0.2,0.2,0.2,0.2,25.8,26.7,25.3,28.4,7.9
592,2017-06-11,0.0,0.0,0.0,0.0,28.2,32.5,24.8,26.6,6.1
593,2014-03-23,0.0,0.0,0.0,0.0,27.4,32.2,24.1,43.6,12.2
594,2016-12-26,0.0,0.0,0.0,0.0,26.3,30.0,23.9,28.4,10.1
595,2014-03-13,0.0,0.0,0.0,0.0,28.0,33.8,24.6,38.2,11.9
596,2016-11-22,1.0,1.0,1.0,1.0,27.6,29.1,25.3,29.9,5.0
597,2014-03-05,0.0,0.0,0.0,0.0,27.4,33.9,23.9,40.7,11.4
598,2015-08-31,0.0,0.0,0.0,0.0,29.3,32.9,27.2,37.8,10.0
599,2014-02-20,0.0,0.0,0.0,0.0,27.1,31.3,24.7,42.5,15.2
600,2015-09-24,0.0,0.0,0.0,0.0,28.3,32.2,25.7,25.2,6.0
601,2017-02-19,0.8,0.8,0.8,0.8,27.2,30.6,25.0,39.6,13.7
602,2014-01-14,0.2,0.2,0.2,0.2,26.1,29.6,23.9,44.3,13.3
603,2014-01-02,0.0,0.0,0.0,0.0,26.9,30.7,24.6,38.2,11.5
604,2015-08-14,0.0,0.0,0.0,0.0,29.0,32.4,26.6,31.7,7.7
605,2017-04-13,35.2,16.4,28.4,29.8,26.8,30.6,23.3,33.1,5.8
606,2015-08-25,1.0,0.6,0.8,1.0,27.7,31.2,25.7,36.7,6.4
607,2015-12-31,0.8,0.4,0.4,0.4,26.7,30.1,25.2,42.5,11.4
608,2015-07-20,0.0,0.0,0.0,0.0,29.5,33.2,27.3,36.0,7.5
609,2015-01-30,0.0,0.0,0.0,0.0,26.5,30.1,24.5,39.6,12.9
610,2015-08-24,0.0,0.0,0.0,0.0,28.9,31.6,27.4,27.7,7.7
611,2015-11-25,0.8,0.6,0.8,0.8,26.9,32.4,24.7,32.8,5.7
612,2017-11-14,55.2,27.8,38.8,48.4,25.9,27.1,23.3,29.2,6.5
613,2014-03-06,0.0,0.0,0.0,0.0,26.9,31.9,23.5,38.2,11.5
614,2017-09-06,9.8,7.0,9.4,9.6,26.8,29.6,24.0,28.4,5.4
615,2014-01-19,0.0,0.0,0.0,0.0,25.6,29.0,23.5,39.6,13.2
616,2016-04-27,3.6,2.6,3.0,3.4,28.3,34.3,26.3,32.4,5.4
617,2016-11-12,10.8,7.6,10.6,10.6,26.9,32.9,24.4,33.5,5.8
618,2015-05-01,0.2,0.2,0.2,0.2,27.6,31.7,25.5,28.1,5.1
619,2014-04-13,12.2,12.0,12.2,12.2,28.3,34.5,25.3,34.6,5.5
620,2015-09-21,72.2,29.0,49.2,71.6,27.9,33.0,23.1,40.0,5.6
621,2015-01-18,0.0,0.0,0.0,0.0,26.4,30.1,24.0,42.5,15.0
622,2014-02-26,0.0,0.0,0.0,0.0,26.8,31.2,23.7,41.0,13.3
623,2017-03-07,10.4,8.2,10.4,10.4,27.1,32.7,24.7,28.1,7.2
624,2016-05-25,20.0,16.4,19.8,20.0,29.8,35.0,25.1,33.1,6.1
625,2017-07-18,0.0,0.0,0.0,0.0,28.7,31.3,27.0,28.4,6.8
626,2016-01-21,0.4,0.4,0.4,0.4,27.9,30.3,26.5,32.8,10.4
627,2015-06-21,0.0,0.0,0.0,0.0,30.0,33.8,27.9,27.4,6.9
628,2014-11-20,10.8,7.8,8.0,10.6,26.9,31.6,25.2,28.4,7.7
629,2017-08-16,0.0,0.0,0.0,0.0,28.2,32.6,25.5,24.1,5.4
630,2015-05-16,13.6,13.2,13.6,13.6,28.0,31.9,25.8,28.8,4.8
631,2017-11-02,0.0,0.0,0.0,0.0,27.5,30.4,25.3,31.0,6.5
632,2014-04-20,11.8,8.6,10.0,11.8,27.6,30.5,24.6,41.4,6.7
633,2015-03-23,0.0,0.0,0.0,0.0,28.0,33.9,25.2,33.5,11.1
634,2016-12-09,6.4,3.4,5.8,6.2,26.8,30.5,25.2,38.9,7.2
635,2014-12-24,0.4,0.2,0.2,0.4,26.6,32.4,24.8,27.4,7.6
636,2016-11-10,2.8,2.0,2.8,2.8,27.5,31.7,24.9,32.8,7.2
637,2017-11-10,56.8,40.8,47.4,53.4,26.0,31.4,23.4,31.7,5.8
638,2017-03-12,41.8,32.6,39.8,41.6,26.5,30.4,23.4,25.9,6.8
639,2016-03-06,0.0,0.0,0.0,0.0,28.6,33.0,26.5,38.5,14.0
640,2014-05-08,46.0,44.6,46.0,46.0,27.2,32.7,23.0,43.2,5.6
641,2015-12-21,0.2,0.2,0.2,0.2,28.6,33.5,25.8,29.2,7.4
642,2015-10-12,0.0,0.0,0.0,0.0,29.4,34.2,26.9,31.0,6.9
643,2014-07-07,53.8,31.6,48.2,51.4,28.0,32.0,23.2,43.6,7.9
644,2015-06-07,2.8,1.0,1.8,2.4,27.7,30.8,25.7,19.1,4.3
645,2016-04-01,0.0,0.0,0.0,0.0,29.1,33.9,26.4,38.5,13.3
646,2017-08-31,0.4,0.4,0.4,0.4,28.6,32.8,25.2,29.5,7.9
647,2014-12-28,1.8,1.4,1.6,1.8,26.0,29.7,24.3,35.6,10.5
648,2017-04-25,10.4,10.0,10.4,10.4,26.5,32.0,24.8,26.3,5.0
649,2014-11-13,58.2,45.6,56.0,58.2,27.0,33.7,23.0,79.9,6.5
650,2015-01-27,0.0,0.0,0.0,0.0,26.8,30.8,23.9,34.6,13.2
651,2014-03-14,0.0,0.0,0.0,0.0,28.2,33.5,25.1,40.7,11.6
652,2016-01-28,5.4,3.2,4.6,5.0,27.6,32.6,25.0,30.2,9.7
653,2014-03-25,0.0,0.0,0.0,0.0,27.9,32.6,25.0,43.2,12.8
654,2016-12-23,50.0,29.4,47.0,49.8,26.9,31.5,22.8,30.6,7.2
655,2014-11-02,0.0,0.0,0.0,0.0,29.2,33.2,26.0,23.8,5.6
656,2014-01-30,0.0,0.0,0.0,0.0,25.5,30.3,22.6,53.6,13.2
657,2016-11-13,4.6,4.2,4.6,4.6,27.2,32.0,25.2,33.5,6.5
658,2015-08-22,0.0,0.0,0.0,0.0,28.9,32.4,26.6,33.5,6.4
659,2015-11-27,8.4,5.4,5.4,8.4,26.8,30.5,24.5,20.2,6.8
660,2017-04-12,0.2,0.2,0.2,0.2,28.5,31.8,25.5,22.0,5.4
661,2017-09-14,7.4,3.8,3.8,3.8,27.9,31.2,25.7,33.8,5.0
662,2016-11-27,0.2,0.2,0.2,0.2,27.1,29.7,24.6,32.4,9.7
663,2017-06-10,11.4,6.4,6.4,6.4,28.4,33.8,24.8,30.2,6.1
664,2017-09-07,0.0,0.0,0.0,0.0,28.4,32.5,25.5,25.2,5.8
665,2017-11-07,4.0,2.2,2.8,3.8,26.6,30.8,24.8,23.8,6.1
666,2015-05-28,0.0,0.0,0.0,0.0,28.9,32.4,26.1,20.9,5.5
667,2015-01-15,0.0,0.0,0.0,0.0,27.0,31.0,24.7,42.5,15.5
668,2016-02-03,0.0,0.0,0.0,0.0,28.2,32.6,25.6,36.7,10.1
669,2014-03-20,2.4,1.8,2.2,2.2,26.5,31.4,25.0,32.0,7.0
670,2015-12-17,0.0,0.0,0.0,0.0,27.2,29.6,25.7,47.5,11.1
671,2016-11-15,1.4,1.4,1.4,1.4,27.0,32.0,24.2,37.1,7.6
672,2015-07-15,0.0,0.0,0.0,0.0,29.2,32.5,27.3,21.2,5.9
673,2014-08-10,13.4,6.8,6.8,6.8,27.3,31.6,24.4,42.1,5.8
674,2015-09-08,0.0,0.0,0.0,0.0,28.9,32.3,26.8,29.5,6.7
675,2015-07-29,0.0,0.0,0.0,0.0,29.0,32.6,26.9,33.5,10.4
676,2014-02-12,0.0,0.0,0.0,0.0,27.1,32.5,24.1,37.8,12.1
677,2016-05-24,2.2,2.2,2.2,2.2,29.6,32.4,26.3,39.6,6.8
678,2016-05-08,0.0,0.0,0.0,0.0,28.8,33.5,26.0,22.7,5.4
679,2017-10-06,23.2,18.2,18.4,23.2,27.2,32.8,24.5,29.9,5.4
680,2017-08-24,0.0,0.0,0.0,0.0,28.6,32.0,26.0,36.4,6.5
681,2016-04-19,0.0,0.0,0.0,0.0,30.2,33.8,27.2,36.0,13.0
682,2015-10-02,14.2,8.6,9.6,10.2,27.3,32.3,23.7,37.1,7.1
683,2015-03-12,0.0,0.0,0.0,0.0,27.1,30.9,24.9,36.4,10.8
684,2015-03-03,0.0,0.0,0.0,0.0,27.8,32.1,25.3,36.4,10.7
685,2015-03-19,26.6,19.6,25.0,26.6,28.0,33.9,26.2,33.8,10.7
686,2014-04-17,13.0,12.2,12.6,12.8,27.8,32.4,24.8,29.9,5.8
687,2014-05-29,1.2,0.8,1.0,1.2,28.7,33.0,25.0,21.6,5.2
688,2016-01-11,33.8,22.4,33.8,33.8,28.0,32.2,24.4,29.2,8.6
689,2015-07-10,0.6,0.4,0.4,0.6,28.9,31.2,25.5,37.4,7.1
690,2015-08-09,10.4,9.0,10.0,10.2,27.3,30.8,23.2,63.4,7.3
691,2017-03-10,0.0,0.0,0.0,0.0,26.9,30.5,24.4,34.6,14.4
692,2015-03-30,0.0,0.0,0.0,0.0,28.2,32.5,25.6,36.0,11.8
693,2016-11-14,32.2,12.8,18.4,24.6,25.0,26.5,23.3,41.8,6.8
694,2017-02-23,20.8,15.8,19.0,20.8,26.6,32.4,23.6,32.0,7.2
695,2017-09-20,5.6,3.8,3.8,3.8,26.8,30.0,23.9,46.1,8.3
696,2017-09-26,7.4,6.2,7.2,7.2,26.8,32.6,23.7,47.5,5.8
697,2014-01-31,0.0,0.0,0.0,0.0,25.8,30.6,22.4,36.4,13.8
698,2017-04-04,11.2,9.6,11.0,11.2,28.2,31.9,23.3,39.6,8.6
699,2017-11-18,58.0,47.8,55.6,56.4,27.6,34.5,23.2,40.3,5.0
700,2015-11-30,42.2,25.0,27.0,29.6,27.0,31.4,24.3,29.5,6.9
701,2014-02-16,0.0,0.0,0.0,0.0,26.9,30.9,24.7,38.5,12.9
702,2014-07-14,0.0,0.0,0.0,0.0,30.0,33.9,27.6,25.6,6.5
703,2014-12-04,45.2,14.2,25.4,34.8,25.8,27.9,23.4,48.6,6.8
704,2015-09-01,0.0,0.0,0.0,0.0,29.3,33.0,26.8,28.4,7.0
705,2014-06-22,0.0,0.0,0.0,0.0,29.9,33.3,27.3,28.8,7.5
706,2015-05-05,0.0,0.0,0.0,0.0,28.5,33.5,25.1,24.5,5.8
707,2016-05-18,51.0,27.0,30.2,31.6,27.2,31.2,24.8,34.9,6.5
708,2015-12-26,0.0,0.0,0.0,0.0,28.0,31.9,25.7,43.9,12.5
709,2015-08-01,1.6,0.6,0.8,1.0,26.7,30.3,23.5,26.3,7.5
710,2016-01-14,1.6,1.4,1.4,1.4,28.3,31.4,26.4,29.9,10.1
711,2017-10-29,14.6,13.4,14.2,14.4,26.4,32.0,24.3,39.2,6.5
712,2015-02-22,0.0,0.0,0.0,0.0,26.7,31.1,24.0,37.4,13.5
713,2017-04-02,0.0,0.0,0.0,0.0,27.4,31.6,25.0,32.0,8.3
714,2017-07-17,0.0,0.0,0.0,0.0,28.8,32.1,26.4,36.0,7.6
715,2014-07-01,1.2,1.0,1.2,1.2,28.0,33.3,25.1,33.8,5.4
716,2017-03-11,0.0,0.0,0.0,0.0,27.2,31.8,24.8,47.5,11.5
717,2016-05-06,0.0,0.0,0.0,0.0,28.9,35.5,26.6,41.0,6.1
718,2017-02-12,2.4,1.4,1.4,1.4,26.1,29.2,24.3,59.4,16.2
719,2014-05-26,23.0,15.6,17.0,17.8,27.4,31.1,25.2,21.6,5.7
720,2017-05-12,0.0,0.0,0.0,0.0,28.6,31.5,26.0,36.0,6.5
721,2016-03-31,0.0,0.0,0.0,0.0,28.7,32.6,26.1,33.8,13.3
722,2017-03-22,5.4,5.0,5.4,5.4,27.5,33.4,24.5,58.3,9.0
723,2015-01-13,0.0,0.0,0.0,0.0,27.1,31.2,24.6,41.4,15.9
724,2016-12-31,0.0,0.0,0.0,0.0,26.5,29.6,24.5,40.7,7.9
725,2015-12-04,15.0,14.6,14.8,14.8,28.0,32.9,25.6,36.4,6.6
726,2015-11-07,33.8,26.4,33.0,33.8,27.3,32.6,23.2,48.6,6.8
727,2015-06-26,0.0,0.0,0.0,0.0,29.7,33.1,27.6,26.3,8.1
728,2016-04-06,0.0,0.0,0.0,0.0,29.2,34.0,26.2,32.4,10.1
729,2015-12-07,0.0,0.0,0.0,0.0,28.1,31.9,25.0,37.1,11.7
730,2015-05-17,8.0,6.6,7.4,8.0,28.5,33.9,25.8,34.9,6.2
731,2014-03-31,0.0,0.0,0.0,0.0,28.5,32.9,25.8,31.3,8.9
732,2014-08-04,0.0,0.0,0.0,0.0,29.2,32.3,26.9,31.7,6.8
733,2016-05-31,0.0,0.0,0.0,0.0,28.9,33.5,25.5,31.3,7.2
734,2015-01-08,6.4,1.8,2.8,4.4,25.8,30.0,24.3,33.8,8.0
735,2015-12-03,0.0,0.0,0.0,0.0,28.2,32.6,25.3,33.1,8.7
736,2014-06-10,0.4,0.2,0.2,0.4,28.8,34.0,25.9,25.9,6.1
737,2017-09-22,3.8,3.8,3.8,3.8,28.4,31.8,24.8,32.0,5.8
738,2015-10-21,0.0,0.0,0.0,0.0,29.3,33.0,25.4,33.1,8.7
739,2015-09-27,0.0,0.0,0.0,0.0,29.2,33.3,26.3,22.7,5.2
740,2015-09-18,0.0,0.0,0.0,0.0,28.9,32.0,27.3,29.9,11.5
741,2016-04-13,0.0,0.0,0.0,0.0,29.7,34.3,25.9,42.1,8.3
742,2015-02-03,0.0,0.0,0.0,0.0,25.8,28.8,24.0,34.9,12.3
743,2014-10-24,0.0,0.0,0.0,0.0,29.3,34.3,25.4,25.6,6.0
744,2014-08-11,35.6,26.4,34.8,35.6,27.3,31.1,23.5,38.9,4.9
745,2014-08-08,0.6,0.6,0.6,0.6,27.8,30.9,25.7,24.5,5.4
746,2017-11-03,22.8,17.4,20.8,21.2,27.6,32.1,23.7,38.9,7.6
747,2016-01-04,0.4,0.2,0.4,0.4,27.6,31.1,25.2,34.2,11.2
748,2017-05-28,0.0,0.0,0.0,0.0,28.9,31.8,26.0,20.9,5.8
749,2015-10-26,0.0,0.0,0.0,0.0,28.9,34.0,26.7,23.8,7.7
750,2016-11-03,13.8,6.2,11.6,13.8,27.2,30.3,24.6,28.8,9.0
751,2014-06-26,0.0,0.0,0.0,0.0,29.5,32.8,27.1,32.8,6.1
752,2016-03-14,0.4,0.4,0.4,0.4,28.6,33.9,26.3,36.4,9.4
753,2015-02-20,0.0,0.0,0.0,0.0,27.0,31.6,24.5,37.1,14.7
754,2014-02-09,0.0,0.0,0.0,0.0,27.0,32.6,24.2,29.2,7.9
755,2016-03-02,0.0,0.0,0.0,0.0,27.8,31.1,25.5,48.6,17.3
756,2015-02-16,0.0,0.0,0.0,0.0,27.1,32.0,23.9,39.2,14.7
757,2014-06-24,1.2,0.8,0.8,1.2,29.3,33.2,25.3,24.5,5.6
758,2014-12-13,11.8,9.6,11.8,11.8,27.2,30.5,24.0,37.8,9.6
759,2015-07-28,40.4,25.0,34.0,34.2,28.0,31.3,24.0,37.8,8.7
760,2014-05-10,0.0,0.0,0.0,0.0,29.6,34.9,26.9,21.6,5.8
761,2016-04-15,2.4,1.2,2.0,2.2,29.1,32.2,26.3,23.8,5.8
762,2015-10-31,0.2,0.2,0.2,0.2,26.9,31.6,25.2,23.0,6.2
763,2016-02-24,13.4,8.2,8.4,9.6,25.7,29.1,24.0,34.9,11.2
764,2014-12-31,0.0,0.0,0.0,0.0,25.9,28.1,24.4,36.7,11.2
765,2015-07-07,0.0,0.0,0.0,0.0,29.3,31.9,27.5,25.6,7.2
766,2015-07-06,0.0,0.0,0.0,0.0,29.3,32.2,27.3,28.1,7.4
767,2017-10-25,6.2,5.8,6.0,6.2,27.7,35.3,25.3,34.9,6.8
768,2017-03-19,24.0,23.2,24.0,24.0,27.8,34.0,23.9,40.3,6.5
769,2015-08-30,0.0,0.0,0.0,0.0,29.4,32.6,27.1,32.4,7.9
770,2017-02-10,0.0,0.0,0.0,0.0,27.4,31.4,25.0,38.9,14.8
771,2015-01-01,0.0,0.0,0.0,0.0,25.8,27.2,24.7,32.8,11.5
772,2017-03-23,0.0,0.0,0.0,0.0,28.6,33.5,25.7,34.2,10.8
773,2015-12-19,0.0,0.0,0.0,0.0,28.0,32.0,25.0,36.7,11.9
774,2016-02-28,0.0,0.0,0.0,0.0,27.9,31.4,25.7,46.8,15.8
775,2014-10-29,0.0,0.0,0.0,0.0,29.0,34.2,25.6,31.3,7.7
776,2017-06-17,0.0,0.0,0.0,0.0,29.0,34.2,25.7,23.0,6.1
777,2016-12-08,1.4,1.4,1.4,1.4,28.3,32.0,25.8,27.7,8.3
778,2015-05-12,18.0,12.2,17.8,17.8,28.9,32.1,25.3,36.0,7.0
779,2016-04-03,5.2,3.8,4.4,5.2,28.4,33.2,25.2,28.1,9.0
780,2015-08-08,0.2,0.2,0.2,0.2,28.0,31.3,25.1,23.8,5.7
781,2014-05-12,0.8,0.8,0.8,0.8,27.9,32.0,25.5,28.4,4.7
782,2017-09-25,3.2,2.8,3.2,3.2,28.3,32.7,24.1,49.3,6.5
783,2016-12-13,1.2,1.2,1.2,1.2,27.6,31.4,24.3,37.4,9.0
784,2015-02-15,0.0,0.0,0.0,0.0,26.7,32.2,23.5,33.8,12.9
785,2016-11-26,1.4,0.6,1.0,1.2,27.2,31.2,25.5,28.4,5.4
786,2015-09-15,5.6,3.2,3.6,3.8,26.4,29.5,24.4,45.0,5.7
787,2015-07-09,0.0,0.0,0.0,0.0,29.2,32.4,26.6,40.3,7.2
788,2015-06-27,0.0,0.0,0.0,0.0,29.9,33.4,27.3,25.2,7.5
789,2014-06-25,27.6,25.8,26.8,27.6,28.5,32.0,22.6,58.3,7.9
790,2014-12-25,0.0,0.0,0.0,0.0,27.2,31.9,25.6,24.1,5.0
791,2015-05-14,1.2,1.0,1.0,1.2,28.2,33.5,25.2,36.0,6.7
792,2015-01-11,0.4,0.4,0.4,0.4,26.5,29.8,24.6,35.6,11.2
793,2015-02-05,0.0,0.0,0.0,0.0,26.3,29.8,24.5,50.4,16.5
794,2014-07-24,0.0,0.0,0.0,0.0,29.5,32.7,27.4,26.6,6.5
795,2017-09-24,0.2,0.2,0.2,0.2,28.7,32.6,24.9,36.7,5.8
796,2015-06-11,5.4,5.4,5.4,5.4,27.9,32.6,25.3,40.0,5.5
797,2015-10-05,0.0,0.0,0.0,0.0,28.0,31.3,26.2,32.0,5.3
798,2016-03-25,13.4,8.2,13.0,13.4,28.0,34.5,24.3,40.7,7.9
799,2014-06-27,0.0,0.0,0.0,0.0,27.4,29.7,25.3,37.4,7.6
800,2017-08-27,0.0,0.0,0.0,0.0,27.5,31.5,25.0,32.8,6.8
801,2015-12-01,27.2,12.2,14.6,22.0,26.0,31.1,23.4,50.0,7.6
802,2016-01-27,0.2,0.2,0.2,0.2,28.2,31.4,25.7,40.7,13.0
803,2015-11-18,0.0,0.0,0.0,0.0,28.1,32.3,25.2,31.3,9.6
804,2017-03-31,0.6,0.6,0.6,0.6,27.2,33.2,24.9,21.6,4.7
805,2014-04-11,44.2,28.6,42.6,43.8,27.3,33.7,22.4,38.2,6.9
806,2014-06-06,41.8,32.2,37.0,39.6,27.1,32.0,24.1,46.4,5.8
807,2014-12-02,0.0,0.0,0.0,0.0,27.7,31.7,25.3,26.6,6.1
808,2017-10-01,11.2,7.0,7.6,8.4,26.6,30.0,25.3,29.5,6.1
809,2015-05-22,0.8,0.8,0.8,0.8,28.8,32.7,27.1,30.6,5.6
810,2014-07-31,0.2,0.2,0.2,0.2,27.4,29.7,24.8,30.6,6.1
811,2016-05-21,0.2,0.2,0.2,0.2,28.2,30.7,25.0,40.0,10.1
812,2014-05-22,0.0,0.0,0.0,0.0,28.8,32.7,25.7,24.1,5.6
813,2016-01-08,0.0,0.0,0.0,0.0,28.1,31.9,25.6,43.9,13.0
814,2015-12-05,48.2,24.2,26.6,43.6,27.0,32.8,23.8,34.9,6.8
815,2014-03-29,4.6,4.6,4.6,4.6,27.7,32.6,24.8,45.7,7.6
816,2015-08-17,0.8,0.8,0.8,0.8,28.7,31.6,26.5,42.5,7.0
817,2015-02-02,0.0,0.0,0.0,0.0,25.9,28.4,23.9,41.8,10.9
818,2016-12-18,15.4,12.4,14.4,15.2,26.6,31.0,22.8,37.4,7.9
819,2014-12-14,0.0,0.0,0.0,0.0,28.1,32.0,25.4,29.9,8.9
820,2014-02-06,0.0,0.0,0.0,0.0,26.2,31.7,23.0,35.3,10.5
821,2014-01-12,0.2,0.2,0.2,0.2,25.9,28.3,24.4,39.2,11.7
822,2015-05-07,8.0,6.0,8.0,8.0,28.3,31.6,26.5,30.2,6.3
823,2017-09-01,1.2,1.2,1.2,1.2,29.4,33.1,27.2,32.0,8.3
824,2015-10-03,0.0,0.0,0.0,0.0,28.4,31.7,25.5,21.6,5.6
825,2014-12-07,2.0,0.8,0.8,1.2,26.8,33.3,24.5,38.2,7.7
826,2014-04-04,0.0,0.0,0.0,0.0,28.0,34.0,25.5,30.6,6.4
827,2017-11-08,2.8,2.4,2.6,2.8,26.7,30.3,23.9,33.5,10.4
828,2016-03-21,16.0,6.4,9.6,16.0,28.4,35.0,24.3,39.2,8.6
829,2017-09-28,0.4,0.2,0.4,0.4,28.0,31.2,25.3,28.1,5.0
830,2016-01-05,0.0,0.0,0.0,0.0,28.3,31.9,25.8,34.6,12.6
831,2015-09-19,0.0,0.0,0.0,0.0,28.9,32.5,27.1,35.6,11.9
832,2017-09-09,0.2,0.2,0.2,0.2,28.0,32.0,26.0,35.6,4.3
833,2015-07-03,0.0,0.0,0.0,0.0,29.2,32.4,27.1,28.1,7.3
834,2015-03-07,0.0,0.0,0.0,0.0,28.0,32.4,25.0,36.0,13.0
835,2015-01-09,0.6,0.2,0.2,0.2,24.6,26.2,23.7,29.9,9.9
836,2014-07-22,0.0,0.0,0.0,0.0,29.5,32.6,27.5,37.4,7.8
837,2014-03-30,0.0,0.0,0.0,0.0,28.0,32.7,25.6,31.3,7.3
838,2015-08-12,0.8,0.4,0.4,0.4,26.6,27.9,25.1,26.6,6.4
839,2017-11-13,12.0,9.4,11.2,11.8,27.4,33.8,25.0,42.8,6.1
840,2015-12-14,15.8,14.8,14.8,14.8,26.7,31.3,23.8,33.5,5.3
841,2014-03-27,0.0,0.0,0.0,0.0,28.6,33.8,25.4,35.3,10.3
842,2015-01-03,0.0,0.0,0.0,0.0,26.8,30.3,24.2,36.4,13.2
843,2017-02-26,0.0,0.0,0.0,0.0,27.5,31.4,25.2,38.5,10.8
844,2014-04-02,0.2,0.2,0.2,0.2,28.3,31.9,25.9,22.0,7.0
845,2014-02-01,0.0,0.0,0.0,0.0,25.7,32.4,21.8,33.1,10.9
846,2017-05-19,0.2,0.2,0.2,0.2,29.6,32.9,27.9,25.9,5.8
847,2017-02-25,0.0,0.0,0.0,0.0,26.6,31.5,23.6,37.1,8.3
848,2015-11-01,13.8,13.6,13.6,13.6,26.9,33.6,24.5,38.9,5.4
849,2014-05-03,38.6,19.4,21.0,21.2,28.6,34.7,25.5,37.4,7.7
850,2015-01-14,0.0,0.0,0.0,0.0,27.0,30.9,24.6,44.6,16.0
851,2016-01-24,0.0,0.0,0.0,0.0,28.4,31.9,26.0,51.8,15.8
852,2014-12-16,1.8,1.0,1.8,1.8,26.5,29.1,24.8,20.2,7.3
853,2015-03-14,0.0,0.0,0.0,0.0,27.4,32.9,24.4,30.6,10.9
854,2016-12-11,2.6,1.4,1.4,1.4,25.5,29.0,23.6,44.6,9.4
855,2017-02-07,22.2,10.0,11.6,15.2,26.0,30.5,23.2,33.1,8.3
856,2017-03-25,46.4,21.2,33.6,40.8,27.1,32.9,23.8,41.0,7.6
857,2017-03-05,0.8,0.8,0.8,0.8,26.8,30.6,24.3,30.2,9.7
858,2015-10-13,0.0,0.0,0.0,0.0,28.9,34.0,25.8,38.5,7.8
859,2015-12-11,5.2,4.6,5.0,5.2,27.0,30.7,24.7,32.4,5.0
860,2017-10-31,3.4,2.4,2.8,3.2,26.1,28.2,23.2,53.3,6.1
861,2017-10-30,5.2,2.2,2.2,3.2,26.5,29.1,24.7,23.8,6.1
862,2016-05-20,0.2,0.2,0.2,0.2,29.2,32.7,26.8,21.2,5.4
863,2017-09-21,7.6,3.4,4.4,6.0,26.8,30.7,23.5,39.6,6.1
864,2017-09-13,0.0,0.0,0.0,0.0,29.3,33.6,25.5,26.6,6.8
865,2017-06-08,5.2,5.0,5.0,5.0,29.1,33.6,27.0,29.2,8.6
866,2016-11-30,0.0,0.0,0.0,0.0,27.7,30.9,24.6,35.3,10.8
867,2016-11-25,8.6,4.4,6.6,8.2,27.5,33.6,24.8,36.4,6.1
868,2017-03-21,0.0,0.0,0.0,0.0,28.1,34.0,25.1,34.2,8.3
869,2016-11-05,2.4,0.8,1.0,1.6,26.7,28.0,25.5,29.2,7.2
870,2017-10-13,1.8,1.0,1.2,1.6,27.0,30.6,24.4,35.6,7.6
871,2014-01-27,0.0,0.0,0.0,0.0,25.2,28.7,22.6,39.2,13.5
872,2017-08-19,0.0,0.0,0.0,0.0,28.3,32.8,26.3,42.8,8.3
873,2014-07-18,0.0,0.0,0.0,0.0,29.3,32.0,27.2,27.0,6.4
874,2014-03-22,0.0,0.0,0.0,0.0,27.0,31.0,24.3,34.2,11.4
875,2014-12-06,9.6,7.0,8.2,9.2,26.8,29.5,23.6,53.3,8.5
876,2017-03-17,2.2,2.2,2.2,2.2,26.7,32.6,24.2,36.7,6.8
877,2014-11-14,0.4,0.4,0.4,0.4,27.0,31.1,24.5,34.6,8.9
878,2014-01-21,0.0,0.0,0.0,0.0,25.5,28.7,23.4,39.6,14.0
879,2014-01-08,0.0,0.0,0.0,0.0,26.9,30.8,24.4,34.6,11.7
880,2014-05-17,11.0,8.8,10.2,10.6,28.1,31.4,24.9,35.3,6.2
881,2017-06-24,0.0,0.0,0.0,0.0,28.8,32.3,26.0,22.3,6.1
882,2014-10-30,0.0,0.0,0.0,0.0,28.0,33.4,25.7,25.2,6.3
883,2015-09-17,0.0,0.0,0.0,0.0,28.8,32.1,26.7,26.6,5.8
884,2015-11-14,0.0,0.0,0.0,0.0,28.5,33.1,25.4,33.8,8.6
885,2014-12-29,1.0,1.0,1.0,1.0,25.2,28.2,24.1,50.0,13.3
886,2016-11-07,1.4,0.6,1.2,1.4,26.8,29.0,25.5,30.6,6.5
887,2017-02-16,0.0,0.0,0.0,0.0,26.2,29.4,24.2,44.3,15.1
888,2016-03-19,0.0,0.0,0.0,0.0,28.6,33.7,25.6,33.1,11.9
889,2016-04-09,14.0,8.2,9.6,13.8,27.9,32.9,25.3,33.1,7.2
890,2016-02-22,0.0,0.0,0.0,0.0,27.5,31.3,24.9,38.5,13.0
891,2015-07-22,0.0,0.0,0.0,0.0,29.5,33.7,26.2,32.8,10.3
892,2016-11-24,0.0,0.0,0.0,0.0,27.4,32.7,25.3,34.9,7.2
893,2014-05-28,10.2,9.0,9.8,9.8,28.5,33.0,24.6,31.3,6.0
894,2014-05-11,36.4,22.8,33.6,36.4,27.7,33.7,24.2,31.7,5.7
895,2014-03-12,0.0,0.0,0.0,0.0,27.7,33.4,24.7,36.7,13.1
896,2016-02-06,2.6,1.2,1.2,1.2,28.0,31.4,26.1,44.6,14.8
897,2014-05-19,29.4,18.8,27.6,28.6,27.1,30.2,22.7,43.9,6.3
898,2017-04-07,3.6,1.2,1.8,2.8,27.7,33.0,23.9,48.6,8.3
899,2015-01-17,0.0,0.0,0.0,0.0,26.5,30.9,23.5,37.1,14.1
